casilla_id,distrito_fed_17,distrito_fed_12,distrito_loc_17,distrito_loc_12,are,seccion,casilla,tipo_seccion,pri_pvem,pan_na,prd,pt,mc,otros,total,ln,tamano_md,tamano_gd,region,casilla_ex,rural,ln_total
4419,12,12,15,15,12-47,380,B-C,U,116,133,14,1,6,8,278,413,0,0,2,0,0,413
3639,15,4,12,12,4-97,1027,B-C,U,106,135,6,4,1,11,263,422,0,0,1,0,0,422
5867,13,13,19,19,13-89,2875,B-C,R,38,174,56,7,7,14,296,451,1,0,2,0,1,451
3930,8,8,14,13,8-68,2133,B-C,U,152,181,22,9,1,7,372,510,1,0,2,0,0,510
6421,10,10,20,21,10-38,2329,B-C,M,97,198,16,3,1,20,335,641,1,0,2,0,0,641
5472,7,11,18,18,11-48,1938,B-C,R,9,61,0,0,1,0,71,95,0,0,1,0,1,95
2485,9,7,13,8,7-78,2694,B-C,R,195,130,7,3,0,16,351,576,1,0,1,0,1,576
4412,12,12,15,15,12-48,377,B-C,U,130,188,16,9,2,7,352,498,0,0,2,0,0,498
2011,11,6,21,7,6-40,1564,B-C,U,140,168,11,2,1,8,330,479,0,0,1,0,0,479
4523,12,13,15,15,13-7,484,B-C,U,111,117,18,9,3,7,265,452,0,0,2,0,0,452
510,1,1,2,2,1-53,2589,B-C,R,197,123,11,7,4,23,365,592,1,0,2,0,1,592
6358,10,10,20,21,10-25,2292,B-C,R,90,150,32,4,6,24,306,650,0,0,2,0,1,650
2221,4,4,8,8,4-44,837,B-C,U,178,108,23,5,2,10,326,612,1,0,1,0,0,612
5280,14,10,15,17,10-52,2753,B-C,U,86,109,50,1,1,16,263,428,0,0,2,0,0,428
3833,13,11,18,13,11-80,12,B-C,R,122,151,21,5,2,48,349,660,1,0,1,0,1,660
1370,5,5,5,5,5-52,1493,B-C,U,128,139,3,2,3,8,283,529,1,0,1,0,0,529
6402,10,10,20,21,10-35,2319,B-C,U,128,149,25,4,1,12,319,617,1,0,2,0,0,617
5315,14,10,15,17,10-60,2776,B-C,R,108,229,18,0,3,14,372,665,0,0,2,0,1,665
3748,9,9,11,12,9-5,1132,B-C,R,129,176,9,1,1,16,332,548,1,0,1,0,1,548
3629,15,9,12,12,9-62,1016,B-C,U,158,191,13,3,4,11,380,593,0,0,1,0,0,593
3865,13,11,18,13,11-74,27,B-C,R,192,274,10,2,5,11,494,664,1,0,1,0,1,664
4458,12,12,15,15,12-52,412,B-C,U,155,230,39,16,7,17,464,693,0,1,2,0,0,693
2451,9,7,13,8,7-69,2680,B-C,U,140,119,6,0,2,3,270,430,0,0,1,0,0,430
3322,15,9,12,11,9-70,1054,B-C,U,127,184,12,3,2,0,328,567,1,0,1,0,0,567
4657,8,8,17,15,8-17,2928,B-C,M,97,167,10,7,2,4,287,466,0,0,2,0,0,466
1100,6,3,7,4,3-39,1336,B-C,U,174,163,8,0,1,7,353,605,1,0,1,0,0,605
3704,15,9,12,12,9-81,1105,B-C,U,228,177,6,4,4,27,446,671,1,0,1,0,0,671
3289,15,9,12,11,9-59,1021,B-C,U,161,114,9,3,3,8,298,496,0,0,1,0,0,496
4769,12,12,15,16,12-2,391,B-C,U,135,161,14,9,0,11,330,489,0,0,2,0,0,489
537,1,1,2,2,1-56,2601,B-C,R,142,158,12,6,0,79,397,578,1,0,2,0,1,578
2999,7,7,10,10,7-34,2454,B-C,U,91,250,7,1,0,5,354,527,1,0,1,0,0,527
4648,8,8,17,15,8-6,2924,B-C,R,161,278,8,8,0,17,472,669,1,0,2,0,1,669
1567,5,5,5,5,5-79,3006,B-C,U,186,129,9,2,3,8,337,590,1,0,1,0,0,590
5401,13,11,10,18,11-90,729,B-C,R,109,171,63,0,2,19,364,602,0,0,1,0,1,602
5261,14,10,15,17,10-49,2744,B-C,U,104,213,44,2,3,11,377,588,1,0,2,0,0,588
4630,8,8,17,15,8-11,2916,B-C,U,99,196,18,18,0,5,336,432,0,0,2,0,0,432
1019,3,3,3,4,3-12,1304,B-C,U,166,243,16,3,2,5,435,706,1,0,1,0,0,706
6331,10,10,20,21,10-23,2278,B-C,U,81,191,25,6,3,17,323,510,1,0,2,0,0,510
740,3,5,3,3,5-20,1705,B-C,U,167,206,3,4,2,11,393,514,1,0,1,0,0,514
3420,15,9,11,11,9-49,1108,B-C,U,185,138,9,1,2,10,345,570,1,0,1,0,0,570
483,1,1,2,2,1-41,2578,E,R,19,38,2,1,0,3,63,160,0,0,2,1,1,160
5101,14,14,9,17,14-61,301,B-C,R,114,99,3,2,2,6,226,378,1,0,2,0,1,378
4343,8,8,17,14,8-22,2638,B-C,R,154,159,38,6,5,8,370,716,1,0,2,0,1,716
5833,13,13,19,19,13-82,2863,E,M,50,150,140,3,1,20,364,675,1,0,2,1,0,675
3796,15,9,12,12,9-76,1176,B-C,U,111,144,4,2,1,9,271,602,1,0,1,0,0,602
4636,8,8,17,15,8-11,2919,B-C,U,101,165,17,9,1,10,303,425,0,0,2,0,0,425
4754,12,12,16,16,12-29,373,B-C,U,136,157,20,6,1,6,326,518,1,0,2,0,0,518
5214,2,2,17,17,2-52,630,B-C,R,61,243,15,3,1,18,341,702,1,0,2,0,1,702
2576,2,2,9,9,2-7,159,B-C,U,167,171,4,7,6,19,374,611,1,0,2,0,0,611
4676,12,12,16,16,12-39,336,B-C,U,147,218,32,5,8,11,421,727,0,1,2,0,0,727
6706,14,14,22,22,14-90,1245,E,R,24,67,8,1,0,7,107,222,0,0,2,1,1,222
2806,1,4,8,9,4-36,811,B-C,R,123,137,4,3,2,32,301,524,1,0,1,0,1,524
6555,14,14,22,22,14-18,101,B-C,R,47,127,33,4,1,20,232,555,1,0,2,0,1,555
2491,9,7,13,8,7-79,2699,B-C,R,139,143,7,4,3,6,302,497,1,0,1,0,1,497
690,3,5,3,3,5-8,1683,B-C,U,122,168,7,2,2,9,310,449,0,0,1,0,0,449
2881,7,7,10,10,7-11,2049,B-C,R,126,171,4,1,0,8,310,583,1,0,1,0,1,583
837,5,5,5,3,5-64,1750,B-C,U,129,141,10,6,1,6,293,541,1,0,1,0,0,541
3921,13,8,18,13,8-3,2030,B-C,R,175,279,18,0,7,20,499,745,1,0,1,0,1,745
3536,15,9,11,12,9-37,950,B-C,U,136,250,10,2,1,9,408,541,1,0,1,0,0,541
1672,11,6,6,6,6-58,1555,B-C,U,190,169,7,3,5,9,383,559,1,0,1,0,0,559
4635,8,8,17,15,8-11,2919,B-C,U,86,190,14,8,5,8,311,426,0,0,2,0,0,426
3052,7,7,10,10,7-43,2476,B-C,U,109,172,9,2,0,5,297,530,1,0,1,0,0,530
3353,15,9,11,11,9-25,1078,B-C,U,190,190,10,1,2,13,406,722,0,1,1,0,0,722
6395,10,10,20,21,10-32,2315,B-C,U,85,296,10,3,4,13,411,713,1,0,2,0,0,713
1734,11,6,6,6,6-73,1597,B-C,U,210,179,7,2,1,14,413,666,0,0,1,0,0,666
5673,13,13,19,19,13-47,1183,B-C,U,155,214,15,2,8,14,408,666,1,0,2,0,0,666
1539,5,5,5,5,5-70,1847,B-C,U,226,204,8,4,6,9,457,735,1,0,1,0,0,735
3911,13,8,18,13,8-1,2026,B-C,M,151,268,21,3,16,13,472,650,1,0,1,0,0,650
4517,12,13,15,15,13-8,479,B-C,U,173,128,12,7,3,7,330,608,1,0,2,0,0,608
4587,12,13,15,15,13-15,534,B-C,R,55,180,3,1,0,4,243,380,0,0,2,0,1,380
1368,5,5,5,5,5-52,1493,E,U,169,123,3,1,2,4,302,530,1,0,1,1,0,530
5334,7,11,10,18,11-96,575,B-C,M,382,358,6,14,0,13,773,615,1,0,1,0,0,615
5030,14,14,22,17,14-44,264,B-C,U,106,166,70,6,11,20,379,612,1,0,2,0,0,612
6347,10,10,20,21,10-22,2287,B-C,U,176,275,40,5,6,17,519,748,1,0,2,0,0,748
6239,10,13,19,21,13-31,688,B-C,U,140,178,28,5,0,8,359,635,1,0,2,0,0,635
6628,14,14,22,22,14-75,653,B-C,M,95,133,33,2,1,13,277,402,0,0,2,0,0,402
3357,15,9,11,11,9-25,1078,B-C,U,208,211,15,2,1,9,446,721,0,1,1,0,0,721
1675,11,6,6,6,6-54,1557,B-C,U,182,192,5,1,3,9,392,598,1,0,1,0,0,598
4242,8,8,14,14,8-47,2222,B-C,R,181,95,20,2,5,19,322,464,0,0,2,0,1,464
5703,13,13,19,19,13-52,1196,B-C,M,142,201,14,1,4,11,373,582,1,0,2,0,0,582
5734,13,13,19,19,13-59,2824,B-C,U,58,172,73,4,4,18,329,559,1,0,2,0,0,559
1169,20,3,21,4,3-68,1392,B-C,NA,207,231,23,4,4,7,476,734,0,1,1,0,0,734
1848,11,6,6,6,6-9,1665,B-C,R,209,129,18,2,4,17,379,613,1,0,1,0,1,613
1905,6,3,7,7,3-51,1386,B-C,U,102,152,7,2,2,6,271,463,0,0,1,0,0,463
2908,13,7,13,10,7-15,2063,B-C,U,114,138,34,0,0,8,294,461,0,0,1,0,0,461
3048,7,7,10,10,7-39,2475,B-C,U,164,268,14,1,1,2,450,701,1,0,1,0,0,701
1599,5,5,5,5,5-73,3021,B-C,U,119,139,8,2,1,7,276,487,0,0,1,0,0,487
4347,8,8,17,14,8-32,2639,B-C,U,85,249,35,3,3,13,388,591,1,0,2,0,0,591
4129,8,8,14,14,8-65,2121,B-C,U,173,174,17,9,5,17,395,673,1,0,2,0,0,673
6653,14,14,22,22,14-79,1208,B-C,U,107,199,117,3,5,22,453,723,1,0,2,0,0,723
4237,8,8,14,14,8-42,2219,B-C,U,91,188,15,8,1,9,312,536,1,0,2,0,0,536
3846,13,11,18,13,11-77,19,B-C,R,127,143,20,3,2,18,313,539,1,0,1,0,1,539
2525,2,2,9,9,2-1,141,B-C,M,149,131,7,6,0,25,318,632,1,0,2,0,0,632
2900,13,7,13,10,7-15,2059,B-C,U,146,129,55,0,0,14,344,533,1,0,1,0,0,533
1281,6,3,4,4,3-87,1505,B-C,U,123,136,3,1,0,19,282,549,1,0,1,0,0,549
3251,15,9,11,11,9-43,973,B-C,U,191,199,10,1,3,15,419,744,1,0,1,0,0,744
3730,9,4,11,12,4-99,1119,B-C,M,117,148,8,1,1,9,284,620,1,0,1,0,0,620
809,5,5,5,3,5-38,1739,B-C,U,164,218,7,6,0,11,406,601,1,0,1,0,0,601
6294,10,13,19,21,13-43,713,B-C,U,57,133,24,3,1,24,242,535,1,0,2,0,0,535
4156,8,8,14,14,8-86,2141,B-C,U,191,156,22,6,8,16,399,619,1,0,2,0,0,619
289,1,1,2,2,1-2,332,B-C,R,75,79,0,0,0,1,155,181,0,0,2,0,1,181
1529,5,6,6,5,6-79,1843,B-C,U,196,203,14,3,3,9,428,679,0,0,1,0,0,679
2079,11,6,21,7,6-35,1634,B-C,U,203,226,18,3,4,7,461,749,0,1,1,0,0,749
5930,10,10,20,20,10-3,1868,B-C,U,100,190,12,0,6,10,318,463,0,0,2,0,0,463
269,4,1,1,1,1-78,2433,B-C,R,136,143,77,6,1,36,399,707,0,0,1,0,1,707
5000,14,14,22,17,14-37,251,B-C,U,84,163,17,6,130,23,423,678,1,0,2,0,0,678
6278,10,13,19,21,13-38,704,B-C,R,81,97,2,1,0,15,196,304,0,0,2,0,1,304
3633,15,9,12,12,9-67,1024,B-C,U,159,131,6,0,1,7,304,473,0,0,1,0,0,473
6363,10,10,20,21,10-27,2296,B-C,U,70,215,12,0,0,18,315,577,0,0,2,0,0,577
6367,10,10,20,21,10-27,2298,B-C,U,130,346,12,1,0,9,498,444,0,0,2,0,0,444
2294,4,4,8,8,4-55,874,B-C,U,206,229,18,5,4,10,472,665,1,0,1,0,0,665
4729,12,12,16,16,12-32,351,B-C,U,165,172,25,9,5,17,393,535,1,0,2,0,0,535
6455,14,14,22,22,14-2,52,B-C,U,60,96,26,6,3,18,209,386,0,0,2,0,0,386
3641,15,4,12,12,4-95,1028,B-C,U,216,142,11,1,3,10,383,681,1,0,1,0,0,681
2925,13,7,13,10,7-17,2070,B-C,M,152,171,54,1,2,15,395,663,1,0,1,0,0,663
5859,13,13,19,19,13-87,2872,B-C,R,46,133,97,25,3,0,304,566,1,0,2,0,1,566
608,1,1,2,2,1-8,2941,B-C,R,152,119,2,1,0,15,289,373,0,0,2,0,1,373
1176,20,3,21,4,3-70,1392,B-C,NA,171,218,12,5,6,14,426,733,0,1,1,0,0,733
5755,13,13,19,19,13-63,2833,B-C,U,116,182,38,8,3,12,359,523,1,0,2,0,0,523
972,3,3,3,4,3-9,1286,B-C,U,183,228,11,0,3,18,443,619,1,0,1,0,0,619
2370,4,4,8,8,4-82,904,E,R,109,88,15,0,0,9,221,342,1,0,1,1,1,342
627,3,5,3,3,5-1,1269,B-C,M,213,121,7,5,2,7,355,630,1,0,1,0,0,630
3709,15,9,12,12,9-26,1110,B-C,U,177,237,15,4,7,0,440,723,0,1,1,0,0,723
3993,8,8,14,13,8-94,2187,B-C,U,167,163,12,7,6,16,371,617,1,0,2,0,0,617
2984,7,7,10,10,7-32,2448,B-C,U,77,284,1,1,0,10,373,534,1,0,1,0,0,534
519,1,1,2,2,1-54,2594,B-C,R,94,141,6,10,2,19,272,395,0,0,2,0,1,395
1820,11,6,6,6,6-77,1649,B-C,U,216,127,7,3,0,9,362,635,1,0,1,0,0,635
2063,6,6,4,7,6-28,1632,B-C,NA,214,192,8,2,1,15,432,743,0,1,1,0,0,743
965,3,3,4,4,3-13,1285,B-C,U,215,236,12,2,5,6,476,737,0,1,1,0,0,737
5702,13,13,19,19,13-52,1196,B-C,M,126,210,10,4,3,17,370,582,1,0,2,0,0,582
3346,15,9,12,11,9-46,1077,B-C,U,183,208,12,3,3,6,415,667,1,0,1,0,0,667
1302,6,6,7,5,6-62,1427,B-C,U,162,197,6,1,4,13,383,531,0,0,1,0,0,531
5480,7,11,18,18,11-35,1944,B-C,R,224,61,2,5,0,11,303,600,1,0,1,0,1,600
3142,9,7,13,10,7-68,2686,B-C,U,153,165,14,0,2,8,342,581,1,0,1,0,0,581
1693,11,6,6,6,6-60,1570,B-C,U,130,236,10,1,3,8,388,515,1,0,1,0,0,515
1403,5,5,5,5,5-63,1782,B-C,U,153,187,7,2,2,8,359,599,1,0,1,0,0,599
185,4,1,1,1,1-81,2387,B-C,U,157,116,18,5,1,15,312,503,1,0,1,0,0,503
4563,2,12,16,15,12-64,514,B-C,M,185,185,20,3,0,11,404,688,1,0,2,0,0,688
2145,11,6,21,7,6-22,1647,B-C,U,198,194,7,3,4,11,417,736,0,1,1,0,0,736
5381,13,11,10,18,11-89,718,B-C,U,112,116,60,2,0,20,310,492,0,0,1,0,0,492
5191,2,2,17,17,2-49,618,B-C,U,116,221,12,6,4,9,368,574,1,0,2,0,0,574
5757,13,13,19,19,13-58,2834,B-C,U,79,198,31,3,7,15,333,513,1,0,2,0,0,513
6032,10,10,20,20,10-68,2800,B-C,U,199,227,19,1,2,20,468,747,1,0,2,0,0,747
5918,10,10,20,20,10-1,1861,B-C,U,123,186,33,2,3,24,371,630,1,0,2,0,0,630
3933,8,8,14,13,8-68,2134,B-C,U,152,189,22,11,6,9,389,593,1,0,2,0,0,593
1233,3,3,4,4,3-80,1496,B-C,NA,144,121,12,2,2,6,287,746,0,1,1,0,0,746
2190,11,6,6,7,6-1,1671,B-C,M,184,105,5,0,0,16,310,579,1,0,1,0,0,579
4652,8,8,17,15,8-7,2926,B-C,R,144,171,17,4,12,16,364,565,0,0,2,0,1,565
4461,12,12,15,15,12-54,413,B-C,U,147,165,6,6,3,14,341,462,0,0,2,0,0,462
5396,13,11,10,18,11-84,726,B-C,U,189,121,48,5,0,19,382,546,1,0,1,0,0,546
1471,5,5,7,5,5-42,1811,B-C,U,124,128,1,2,0,5,260,406,0,0,1,0,0,406
443,1,1,2,2,1-51,2554,B-C,U,188,205,25,8,2,12,440,677,1,0,2,0,0,677
4726,12,12,16,16,12-36,346,B-C,U,109,153,21,3,6,7,299,501,1,0,2,0,0,501
6419,10,10,20,21,10-39,2328,B-C,U,71,191,9,3,0,11,285,655,1,0,2,0,0,655
598,1,1,2,2,1-14,2935,B-C,M,186,199,9,1,0,9,404,553,1,0,2,0,0,553
1920,6,3,7,7,3-51,1397,B-C,U,174,224,9,2,4,17,430,679,1,0,1,0,0,679
3204,9,9,11,11,9-30,934,B-C,U,157,241,11,6,2,8,425,592,1,0,1,0,0,592
2254,4,4,8,8,4-53,854,B-C,U,223,119,26,1,2,23,394,713,1,0,1,0,0,713
3070,7,7,10,10,7-46,2481,B-C,R,127,265,5,2,1,7,407,660,1,0,1,0,1,660
3810,13,11,18,13,11-66,3,B-C,M,158,288,11,1,2,21,481,733,1,0,1,0,0,733
2088,11,6,21,7,6-35,1634,B-C,U,230,202,10,4,2,4,452,749,0,1,1,0,0,749
1192,3,3,3,4,3-71,1472,B-C,R,19,54,2,0,1,3,79,299,0,0,1,0,1,299
4397,12,12,16,15,12-45,366,B-C,U,196,204,31,9,1,17,458,742,1,0,2,0,0,742
4656,8,8,17,15,8-17,2928,B-C,M,94,183,6,2,1,9,295,467,0,0,2,0,0,467
276,4,1,1,1,1-93,2437,B-C,R,147,99,56,8,0,36,346,654,0,0,1,0,1,654
1619,6,6,7,6,6-57,1519,B-C,U,134,194,9,1,2,8,348,434,0,0,1,0,0,434
607,1,1,2,2,1-9,2940,E,R,102,184,3,0,0,8,297,398,0,0,2,1,1,398
3169,9,7,13,10,7-88,2716,B-C,R,78,129,13,2,2,7,231,471,0,0,1,0,1,471
1963,6,3,7,7,3-61,1433,B-C,U,161,168,8,1,3,13,354,540,0,0,1,0,0,540
2246,4,4,8,8,4-51,852,B-C,U,165,108,24,9,2,12,320,502,1,0,1,0,0,502
2279,4,4,8,8,4-56,867,B-C,U,211,178,21,11,6,17,444,591,1,0,1,0,0,591
1415,5,5,5,5,5-66,1787,B-C,U,155,198,6,0,2,7,368,627,1,0,1,0,0,627
5998,10,10,20,20,10-62,2790,B-C,U,161,180,19,0,2,12,374,673,1,0,2,0,0,673
3910,13,11,18,13,11-78,50,B-C,U,82,101,65,6,5,24,283,520,1,0,1,0,0,520
5456,7,11,18,18,11-39,1929,B-C,U,245,190,12,1,1,5,454,673,1,0,1,0,0,673
1968,6,3,21,7,3-63,1437,B-C,U,197,259,13,7,0,15,491,658,1,0,1,0,0,658
6559,14,14,22,22,14-26,103,B-C,M,29,120,39,1,1,32,222,489,0,0,2,0,0,489
5720,13,13,19,19,13-56,2817,B-C,M,54,246,86,4,0,53,443,643,1,0,2,0,0,643
5710,13,13,19,19,13-54,1201,B-C,U,204,138,20,0,7,20,389,612,0,0,2,0,0,612
1976,6,3,7,7,3-59,1440,B-C,U,145,176,10,2,2,7,342,464,0,0,1,0,0,464
2398,4,4,8,8,4-64,915,B-C,U,186,151,34,6,2,9,388,635,1,0,1,0,0,635
742,3,5,3,3,5-25,1706,B-C,U,157,184,2,3,1,13,360,540,1,0,1,0,0,540
6075,10,10,20,20,10-81,2950,B-C,M,110,160,6,16,2,7,301,467,0,0,2,0,0,467
2714,2,2,9,9,2-45,235,B-C,R,93,121,13,10,1,19,257,397,0,0,2,0,1,397
1036,6,3,4,4,3-22,1309,B-C,U,173,140,9,3,0,8,333,612,1,0,1,0,0,612
5871,13,13,19,19,13-83,2876,B-C,M,31,63,80,7,0,11,192,388,1,0,2,0,0,388
2571,2,2,9,9,2-13,157,S,U,26,37,5,0,0,0,68,0,1,0,2,0,0,68
3055,7,7,10,10,7-44,2477,B-C,U,142,248,4,2,1,13,410,702,0,1,1,0,0,702
4261,8,8,14,14,8-51,2230,B-C,U,159,238,13,8,1,11,430,670,1,0,2,0,0,670
3838,13,11,18,13,11-81,15,B-C,R,35,100,6,0,0,8,149,404,0,0,1,0,1,404
3299,15,9,11,11,9-45,1037,B-C,U,142,144,7,2,0,13,308,541,1,0,1,0,0,541
5954,10,10,20,20,10-8,1879,B-C,U,117,162,28,3,2,6,318,596,1,0,2,0,0,596
6642,14,14,22,22,14-75,661,B-C,R,83,81,58,6,1,17,246,410,0,0,2,0,1,410
2794,1,4,1,9,4-26,807,B-C,R,102,84,12,3,0,21,222,519,1,0,1,0,1,519
1013,3,3,3,4,3-10,1303,B-C,U,193,164,11,1,3,0,372,556,1,0,1,0,0,556
309,1,2,2,2,2-95,746,B-C,R,83,237,4,3,17,13,357,477,0,0,2,0,1,477
3020,7,7,10,10,7-37,2466,B-C,U,141,277,10,4,1,9,442,680,1,0,1,0,0,680
5262,14,10,15,17,10-49,2745,B-C,U,96,250,59,3,6,11,425,660,1,0,2,0,0,660
5035,14,14,22,17,14-47,268,B-C,R,98,144,10,3,38,28,321,736,0,0,2,0,1,736
3721,9,9,11,12,9-2,1115,B-C,R,135,169,11,1,1,9,326,611,1,0,1,0,1,611
5519,7,11,18,18,11-15,1966,B-C,R,107,84,5,3,0,15,214,497,0,0,1,0,1,497
717,3,5,3,3,5-12,1695,B-C,U,173,209,8,2,4,10,406,572,1,0,1,0,0,572
1418,5,5,7,5,5-39,1788,B-C,U,182,179,8,3,1,17,390,588,0,0,1,0,0,588
4901,2,12,16,16,12-70,505,B-C,M,95,273,7,1,16,5,397,657,1,0,2,0,0,657
4584,12,12,15,15,12-56,532,B-C,R,174,246,15,3,1,20,459,708,1,0,2,0,1,708
1862,3,3,7,7,3-47,1359,B-C,U,137,147,7,4,4,0,299,495,0,0,1,0,0,495
2241,4,4,8,8,4-50,849,B-C,U,93,98,15,7,2,9,224,303,0,0,1,0,0,303
897,3,5,3,4,5-3,1261,B-C,M,199,111,4,2,0,13,329,611,1,0,1,0,0,611
1490,5,5,5,5,5-75,1824,B-C,U,162,129,9,5,1,12,318,565,1,0,1,0,0,565
4409,12,12,16,15,12-33,370,B-C,U,149,157,22,8,5,9,350,580,1,0,2,0,0,580
3747,9,9,11,12,9-6,1132,B-C,R,115,206,12,7,0,9,349,548,1,0,1,0,1,548
4480,12,13,15,15,13-1,436,B-C,U,165,232,42,3,2,0,444,583,1,0,2,0,0,583
844,5,5,5,3,5-62,1753,B-C,U,114,198,6,4,3,4,329,530,1,0,1,0,0,530
4039,8,8,14,13,8-59,2233,B-C,M,95,181,10,3,1,16,306,609,1,0,2,0,0,609
5735,13,13,19,19,13-59,2824,B-C,U,67,193,54,8,2,17,341,558,1,0,2,0,0,558
2016,11,6,21,7,6-41,1582,B-C,U,126,151,13,3,0,4,297,403,0,0,1,0,0,403
2629,2,2,9,9,2-29,184,B-C,R,50,112,5,4,2,21,194,444,0,0,2,0,1,444
1098,6,3,7,4,3-40,1335,B-C,U,143,163,3,1,0,11,321,572,1,0,1,0,0,572
3019,7,7,10,10,7-37,2466,B-C,U,135,276,4,3,1,6,425,680,1,0,1,0,0,680
6611,14,14,22,22,14-30,134,B-C,R,21,93,81,1,1,13,210,566,0,0,2,0,1,566
2352,4,4,8,8,4-74,897,B-C,R,140,131,14,6,4,13,308,526,1,0,1,0,1,526
597,1,1,2,2,1-14,2935,B-C,M,180,213,9,0,0,11,413,554,1,0,2,0,0,554
5142,14,14,9,17,14-69,320,B-C,R,316,339,23,4,0,20,702,619,1,0,2,0,1,619
476,1,1,2,2,1-38,2574,B-C,R,121,133,7,3,2,12,278,508,1,0,2,0,1,508
5914,10,10,20,20,10-1,1859,B-C,U,110,179,31,2,6,12,340,560,1,0,2,0,0,560
3860,13,11,18,13,11-74,24,B-C,U,126,235,10,0,3,27,401,556,1,0,1,0,0,556
5958,10,10,20,20,10-9,1882,B-C,U,68,171,28,1,8,8,284,570,1,0,2,0,0,570
2095,11,6,21,7,6-32,1641,B-C,U,174,170,8,1,0,17,370,709,1,0,1,0,0,709
5745,13,13,19,19,13-61,2828,B-C,U,53,171,51,3,3,19,300,506,1,0,2,0,0,506
1918,6,3,7,7,3-53,1396,B-C,U,191,174,2,3,0,7,377,647,1,0,1,0,0,647
2919,13,7,13,10,7-18,2067,B-C,U,106,137,50,2,1,8,304,459,0,0,1,0,0,459
1392,5,6,6,5,6-11,1511,B-C,R,128,168,8,0,0,13,317,568,1,0,1,0,1,568
35,1,4,1,1,4-19,781,B-C,R,83,275,11,2,1,14,386,676,1,0,1,0,1,676
6600,14,14,22,22,14-30,126,B-C,R,92,19,60,2,1,27,201,498,0,0,2,0,1,498
1066,6,3,4,4,3-28,1322,B-C,U,196,173,8,4,1,10,392,722,0,1,1,0,0,722
4321,8,8,17,14,8-20,2630,B-C,R,186,186,9,3,1,10,395,588,1,0,2,0,1,588
2751,1,4,8,9,4-11,768,B-C,U,136,118,4,9,0,9,276,503,1,0,1,0,0,503
5778,13,13,19,19,13-66,2842,B-C,U,35,156,90,5,4,29,319,612,1,0,2,0,0,612
200,4,1,1,1,1-70,2394,B-C,R,146,140,3,1,0,5,295,479,0,0,1,0,1,479
3479,15,9,12,11,9-20,1162,B-C,M,129,239,14,6,0,10,398,625,1,0,1,0,0,625
1814,11,6,6,6,6-53,1638,B-C,U,198,81,4,3,1,7,294,495,0,0,1,0,0,495
4963,12,12,15,16,12-81,553,B-C,U,78,149,11,3,0,16,257,454,0,0,2,0,0,454
1929,6,3,7,7,3-56,1406,B-C,U,151,147,3,1,1,12,315,454,0,0,1,0,0,454
5552,7,11,18,18,11-16,1981,B-C,R,146,171,14,9,4,11,355,509,1,0,1,0,1,509
6497,14,14,22,22,14-9,73,B-C,U,97,124,20,7,6,9,263,425,0,0,2,0,0,425
4142,8,8,14,14,8-82,2129,B-C,U,177,175,28,11,14,19,424,627,1,0,2,0,0,627
6518,14,14,22,22,14-14,82,B-C,U,75,129,34,11,2,17,268,518,1,0,2,0,0,518
95,4,1,1,1,1-98,1904,B-C,R,186,214,9,1,2,18,430,750,0,0,1,0,1,750
3031,7,7,10,10,7-41,2470,B-C,U,114,254,4,1,0,7,380,604,1,0,1,0,0,604
5192,2,2,17,17,2-50,619,B-C,U,104,234,11,1,6,6,362,685,1,0,2,0,0,685
2417,9,7,13,8,7-60,2658,B-C,U,181,125,12,5,1,8,332,563,1,0,1,0,0,563
588,1,1,2,2,1-27,2902,B-C,R,118,175,30,5,0,21,349,500,1,0,2,0,1,500
5776,13,13,19,19,13-67,2841,B-C,U,40,145,94,4,6,25,314,592,1,0,2,0,0,592
4281,8,8,17,14,8-25,2614,B-C,U,154,243,16,4,2,10,429,636,1,0,2,0,0,636
4836,12,12,15,16,12-17,457,B-C,U,131,129,23,3,2,12,300,460,0,0,2,0,0,460
3615,15,4,12,12,4-94,1000,B-C,U,193,198,16,2,1,6,416,733,1,0,1,0,0,733
3038,7,7,10,10,7-42,2473,B-C,U,107,192,6,0,0,10,315,516,1,0,1,0,0,516
3332,15,9,12,11,9-64,1066,B-C,U,146,127,12,1,5,7,298,493,0,0,1,0,0,493
918,3,3,3,4,3-2,1272,B-C,U,162,180,9,2,1,8,362,539,1,0,1,0,0,539
3988,8,8,14,13,8-96,2185,B-C,U,168,192,24,13,7,17,421,741,1,0,2,0,0,741
2976,13,7,13,10,7-27,2106,B-C,R,144,116,78,6,1,23,368,708,0,0,1,0,1,708
4920,2,12,16,16,12-74,519,B-C,U,326,190,47,5,0,0,568,725,1,0,2,0,0,725
5549,7,11,18,18,11-13,1979,B-C,R,70,158,14,3,1,18,264,492,0,0,1,0,1,492
6303,10,10,20,21,10-16,2264,B-C,U,114,173,34,7,5,13,346,566,1,0,2,0,0,566
923,3,3,3,4,3-4,1274,B-C,U,164,187,20,2,0,9,382,581,1,0,1,0,0,581
2115,11,6,21,7,6-25,1642,B-C,U,211,166,5,4,0,7,393,708,0,1,1,0,0,708
5839,13,13,19,19,13-82,2865,B-C,R,36,168,76,2,2,0,284,546,1,0,2,0,1,546
3269,15,9,11,11,9-43,1006,B-C,U,162,184,11,5,4,7,373,550,1,0,1,0,0,550
485,1,1,2,2,1-40,2579,B-C,R,114,184,45,18,2,34,397,648,1,0,2,0,1,648
1812,11,6,6,6,6-53,1637,B-C,U,205,139,6,4,5,12,371,611,1,0,1,0,0,611
2950,13,7,13,10,7-29,2087,B-C,R,260,118,34,1,0,14,427,729,0,0,1,0,1,729
3604,15,9,12,12,9-57,992,B-C,U,121,146,4,2,1,8,282,416,0,0,1,0,0,416
3616,15,4,12,12,4-94,1000,B-C,U,174,209,16,4,3,5,411,733,1,0,1,0,0,733
1541,5,5,5,5,5-70,1847,B-C,U,203,215,4,1,3,11,437,734,1,0,1,0,0,734
1175,20,3,21,4,3-70,1392,B-C,NA,165,235,11,7,5,15,438,733,0,1,1,0,0,733
3621,15,9,12,12,9-63,1002,B-C,U,100,134,6,2,5,6,253,491,0,0,1,0,0,491
2793,1,4,1,9,4-26,807,B-C,R,106,106,12,1,3,16,244,520,1,0,1,0,1,520
4061,8,8,14,13,8-62,2243,B-C,U,78,164,12,6,0,12,272,557,1,0,2,0,0,557
2050,11,6,21,7,6-33,1631,B-C,U,156,158,7,8,3,11,343,671,1,0,1,0,0,671
983,3,3,3,4,3-11,1292,B-C,U,164,207,13,2,1,11,398,635,1,0,1,0,0,635
5076,14,14,9,17,14-55,291,B-C,U,163,177,23,5,1,7,376,529,1,0,2,0,0,529
6089,10,10,20,20,10-81,2958,B-C,U,118,204,12,38,5,29,406,676,1,0,2,0,0,676
5209,2,2,17,17,2-52,627,B-C,R,84,180,6,3,0,16,289,674,1,0,2,0,1,674
5880,13,13,19,19,13-92,2878,E,R,47,202,24,0,1,10,284,446,1,0,2,1,1,446
352,2,2,2,2,2-70,2515,B-C,R,153,148,25,2,3,11,342,533,1,0,2,0,1,533
1550,5,6,6,5,6-80,1852,B-C,U,155,196,11,1,3,3,369,523,1,0,1,0,0,523
21,1,4,1,1,4-4,759,B-C,U,201,211,12,2,4,9,439,709,1,0,1,0,0,709
1399,5,5,7,5,5-59,1780,B-C,U,198,171,6,4,2,15,396,633,1,0,1,0,0,633
6684,14,14,22,22,14-88,1229,B-C,R,100,94,32,3,0,21,250,542,1,0,2,0,1,542
5463,7,11,18,18,11-46,1931,B-C,U,213,145,8,6,1,8,381,587,1,0,1,0,0,587
594,1,1,2,2,1-20,2905,B-C,R,126,206,52,2,1,10,397,542,1,0,2,0,1,542
4889,2,12,16,16,12-68,501,B-C,U,111,265,16,6,10,12,420,681,1,0,2,0,0,681
4568,12,12,16,15,12-59,526,B-C,M,152,282,14,7,2,15,472,733,1,0,2,0,0,733
3259,15,9,11,11,9-27,987,B-C,U,176,230,12,8,4,21,451,709,1,0,1,0,0,709
1728,11,6,6,6,6-70,1594,B-C,U,217,198,18,1,2,17,453,678,1,0,1,0,0,678
1234,3,3,4,4,3-80,1496,B-C,NA,130,117,8,1,1,8,265,746,0,1,1,0,0,746
109,4,1,1,1,1-63,2347,B-C,U,201,199,12,20,1,9,442,648,1,0,1,0,0,648
2245,4,4,8,8,4-54,851,B-C,U,190,90,26,7,5,0,318,512,1,0,1,0,0,512
489,1,1,2,2,1-40,2581,B-C,R,80,261,16,6,4,18,385,661,1,0,2,0,1,661
5584,7,11,18,18,11-30,1997,B-C,R,280,130,20,1,1,31,463,722,0,0,1,0,1,722
4495,12,13,15,15,13-5,466,B-C,U,204,157,13,6,3,17,400,667,1,0,2,0,0,667
2750,1,4,8,9,4-12,767,B-C,U,181,149,9,3,2,8,352,602,1,0,1,0,0,602
51,1,4,1,1,4-21,793,B-C,M,113,209,5,7,0,19,353,606,1,0,1,0,0,606
900,3,5,3,4,5-3,1262,B-C,U,178,141,3,1,0,13,336,576,1,0,1,0,0,576
2019,11,6,21,7,6-41,1583,B-C,U,154,188,10,3,2,7,364,504,1,0,1,0,0,504
4826,12,13,15,16,13-2,452,B-C,U,156,177,33,2,6,8,382,598,1,0,2,0,0,598
6570,14,14,22,22,14-24,109,B-C,U,69,151,32,5,2,20,279,663,1,0,2,0,0,663
1425,5,5,7,5,5-59,1792,B-C,U,235,182,15,4,7,16,459,690,1,0,1,0,0,690
3963,8,8,14,13,8-73,2178,B-C,U,165,126,22,6,2,11,332,648,1,0,2,0,0,648
4978,12,12,15,16,12-83,560,B-C,U,75,138,5,4,3,6,231,379,0,0,2,0,0,379
1253,6,3,4,4,3-77,1498,B-C,M,170,133,4,1,1,6,315,472,0,0,1,0,0,472
4784,12,12,16,16,12-18,402,B-C,U,165,200,27,5,1,12,410,667,1,0,2,0,0,667
6540,14,14,22,22,14-20,93,B-C,U,51,87,40,2,1,18,199,455,0,0,2,0,0,455
2522,2,2,9,9,2-1,141,B-C,M,144,162,13,7,1,25,352,633,1,0,2,0,0,633
5062,14,14,22,17,14-53,285,B-C,R,101,72,1,4,20,13,211,402,0,0,2,0,1,402
2393,4,4,8,8,4-86,914,B-C,R,100,187,6,1,1,9,304,575,1,0,1,0,1,575
1770,11,6,6,6,6-49,1613,B-C,U,223,227,10,1,1,13,475,739,1,0,1,0,0,739
2201,4,4,8,8,4-43,828,B-C,U,180,102,35,9,3,15,344,599,1,0,1,0,0,599
939,3,3,3,4,3-7,1278,B-C,U,179,233,18,2,3,10,445,667,0,1,1,0,0,667
5347,7,11,10,18,11-103,585,B-C,R,55,45,3,9,0,5,117,233,0,0,1,0,1,233
4116,8,8,14,14,8-78,2114,B-C,U,156,181,23,35,3,8,406,532,1,0,2,0,0,532
1636,11,6,6,6,6-58,1534,B-C,U,117,193,5,0,3,8,326,459,0,0,1,0,0,459
5669,13,13,19,19,13-46,1180,B-C,U,215,173,14,3,3,12,420,569,0,0,2,0,0,569
1895,6,3,7,7,3-50,1380,B-C,U,128,136,0,1,0,10,275,407,0,0,1,0,0,407
2886,7,7,10,10,7-12,2051,B-C,R,158,182,5,2,1,9,357,515,1,0,1,0,1,515
3094,7,7,10,10,7-52,2492,B-C,R,188,117,10,1,2,23,341,606,1,0,1,0,1,606
4024,8,8,14,13,8-99,2197,B-C,U,348,432,26,10,7,9,832,693,1,0,2,0,0,693
4122,8,8,14,14,8-79,2118,B-C,U,134,111,10,15,3,4,277,383,0,0,2,0,0,383
3465,9,9,11,11,9-13,1154,B-C,U,237,126,18,6,1,9,397,618,1,0,1,0,0,618
1029,6,3,4,4,3-24,1308,B-C,U,166,138,9,1,2,8,324,645,1,0,1,0,0,645
1868,6,3,7,7,3-42,1365,B-C,U,180,207,9,3,2,7,408,653,1,0,1,0,0,653
1869,6,3,7,7,3-42,1365,B-C,U,188,216,12,6,5,10,437,653,1,0,1,0,0,653
4688,12,12,16,16,12-31,338,B-C,U,141,205,28,10,8,13,405,616,1,0,2,0,0,616
1427,5,5,7,5,5-45,1793,B-C,U,148,119,8,5,3,8,291,501,1,0,1,0,0,501
325,2,2,2,2,2-69,2505,B-C,U,195,128,60,12,4,16,415,689,1,0,2,0,0,689
5203,2,2,17,17,2-66,624,B-C,R,155,116,10,2,0,12,295,666,0,0,2,0,1,666
4132,8,8,14,14,8-80,2123,B-C,U,151,158,20,15,2,12,358,452,0,0,2,0,0,452
3129,9,7,13,10,7-66,2677,B-C,U,109,115,15,0,0,0,239,521,1,0,1,0,0,521
6435,10,10,20,21,10-41,2336,B-C,R,138,189,27,7,3,13,377,685,0,0,2,0,1,685
5613,7,11,18,18,11-23,2014,B-C,R,102,67,0,3,0,6,178,431,0,0,1,0,1,431
5491,7,11,18,18,11-47,1950,B-C,R,74,128,7,1,0,12,222,392,0,0,1,0,1,392
5066,14,14,9,17,14-54,288,B-C,U,214,198,18,5,1,19,455,715,1,0,2,0,0,715
2777,1,4,1,9,4-16,790,B-C,R,80,224,3,23,0,10,340,592,1,0,1,0,1,592
1503,5,5,6,5,5-41,1830,B-C,U,123,155,1,1,1,7,288,450,0,0,1,0,0,450
1489,5,5,5,5,5-77,1823,B-C,U,179,207,3,1,2,9,401,650,1,0,1,0,0,650
4907,2,12,16,16,12-66,507,B-C,U,148,150,7,3,4,7,319,557,1,0,2,0,0,557
2185,11,6,6,7,6-2,1669,B-C,R,122,126,36,9,0,20,313,558,1,0,1,0,1,558
4792,12,12,15,16,12-2,406,B-C,U,201,195,24,8,6,7,441,664,0,0,2,0,0,664
4166,8,8,14,14,8-85,2148,B-C,U,93,158,21,9,3,6,290,409,0,0,2,0,0,409
4336,8,8,17,14,8-23,2636,B-C,M,142,224,7,3,0,4,380,597,1,0,2,0,0,597
170,4,1,1,1,1-84,2381,S,U,120,95,11,2,1,10,239,0,0,0,1,0,0,239
2667,2,2,9,9,2-27,206,B-C,R,72,109,56,9,2,30,278,541,1,0,2,0,1,541
4860,12,12,15,16,12-15,472,B-C,U,114,139,16,4,6,14,293,588,1,0,2,0,0,588
6196,10,13,19,21,13-23,669,B-C,U,106,186,23,2,3,8,328,537,1,0,2,0,0,537
4276,8,8,17,14,8-21,2612,B-C,U,127,256,11,5,5,0,404,635,1,0,2,0,0,635
2582,2,2,9,9,2-10,163,B-C,U,108,106,5,4,1,15,239,377,0,0,2,0,0,377
6728,14,14,22,22,14-100,2732,B-C,U,156,128,4,1,0,7,296,426,0,0,2,0,0,426
3839,13,11,18,13,11-79,16,B-C,R,125,145,17,8,2,28,325,548,1,0,1,0,1,548
6041,10,10,20,20,10-66,2804,B-C,U,143,251,11,3,1,0,409,706,1,0,2,0,0,706
5700,13,13,19,19,13-52,1195,B-C,M,128,169,9,2,5,10,323,644,1,0,2,0,0,644
3283,15,9,12,11,9-62,1013,B-C,U,124,109,6,2,0,8,249,379,0,0,1,0,0,379
6181,10,13,19,21,13-20,662,B-C,U,166,211,30,7,4,14,432,645,1,0,2,0,0,645
2601,2,2,9,9,2-11,172,B-C,U,202,186,10,5,2,20,425,653,1,0,2,0,0,653
6165,10,10,20,20,10-98,2999,B-C,U,102,187,14,5,1,9,318,613,1,0,2,0,0,613
5039,14,14,22,17,14-46,271,B-C,R,75,164,22,6,72,18,357,697,1,0,2,0,1,697
1525,5,5,5,5,5-69,1841,B-C,U,198,170,4,6,2,11,391,673,1,0,1,0,0,673
2913,13,7,13,10,7-16,2065,B-C,U,147,157,56,1,4,17,382,621,1,0,1,0,0,621
142,4,1,1,1,1-67,2367,B-C,R,65,170,6,27,1,11,280,504,0,0,1,0,1,504
3708,15,9,12,12,9-26,1110,B-C,U,183,214,23,5,2,30,457,724,0,1,1,0,0,724
4680,12,12,16,16,12-37,336,B-C,U,153,197,34,7,6,9,406,728,0,1,2,0,0,728
4599,12,13,15,15,13-16,541,B-C,R,69,252,14,3,0,9,347,570,1,0,2,0,1,570
585,1,1,2,2,1-27,2900,B-C,R,196,226,48,5,1,19,495,660,1,0,2,0,1,660
5298,14,10,15,17,10-57,2766,B-C,R,171,194,44,4,5,19,437,669,0,0,2,0,1,669
2618,2,2,9,9,2-33,177,B-C,R,121,262,3,2,0,23,411,705,1,0,2,0,1,705
1704,11,6,6,6,6-67,1578,B-C,U,221,203,11,3,3,10,451,727,0,0,1,0,0,727
2721,2,2,9,9,2-20,240,B-C,R,38,35,2,1,1,9,86,249,0,0,2,0,1,249
2885,7,7,10,10,7-12,2051,B-C,R,146,211,2,0,1,8,368,515,1,0,1,0,1,515
2975,13,7,13,10,7-28,2105,B-C,R,87,32,102,4,2,28,255,411,0,0,1,0,1,411
3163,9,7,13,10,7-87,2710,B-C,R,137,149,13,1,3,7,310,700,1,0,1,0,1,700
1580,5,5,5,5,5-78,3013,B-C,U,142,103,8,1,1,5,260,383,0,0,1,0,0,383
5959,10,10,20,20,10-9,1882,B-C,U,90,190,23,2,6,0,311,570,1,0,2,0,0,570
6171,10,10,20,20,10-98,3001,B-C,M,104,166,12,5,0,10,297,552,1,0,2,0,0,552
5320,7,11,10,18,11-99,568,B-C,M,133,137,3,7,0,277,557,464,0,0,1,0,0,464
4816,12,12,15,16,12-12,442,B-C,U,167,217,17,2,6,17,426,650,1,0,2,0,0,650
3347,15,9,12,11,9-46,1077,B-C,U,181,209,11,4,1,9,415,667,1,0,1,0,0,667
4229,8,8,14,14,8-45,2215,B-C,R,151,238,13,4,3,35,444,711,0,0,2,0,1,711
714,3,5,3,3,5-18,1694,B-C,U,235,256,12,0,3,11,517,736,1,0,1,0,0,736
626,3,5,3,3,5-1,1269,B-C,M,204,147,10,3,2,0,366,630,1,0,1,0,0,630
3768,9,4,11,12,4-106,1144,B-C,U,108,213,4,3,0,20,348,668,1,0,1,0,0,668
1113,3,3,7,4,3-34,1341,B-C,U,162,254,8,2,0,12,438,710,1,0,1,0,0,710
6040,10,10,20,20,10-70,2803,S,U,59,91,4,0,2,3,159,0,1,0,2,0,0,159
648,5,5,7,3,5-31,1399,B-C,U,121,168,9,4,2,6,310,431,0,0,1,0,0,431
684,3,5,3,3,5-11,1681,B-C,U,218,235,14,5,2,11,485,734,0,1,1,0,0,734
4165,8,8,14,14,8-84,2147,B-C,U,121,96,16,13,9,9,264,410,0,0,2,0,0,410
413,1,1,2,2,1-44,2544,B-C,U,158,156,19,2,9,19,363,700,1,0,2,0,0,700
5538,7,11,18,18,11-11,1974,B-C,M,134,146,12,7,2,15,316,606,1,0,1,0,0,606
4223,8,8,14,14,8-44,2211,B-C,R,193,131,20,9,1,27,381,627,0,0,2,0,1,627
4131,8,8,14,14,8-75,2122,B-C,U,148,149,22,36,2,15,372,516,0,0,2,0,0,516
2402,9,7,13,8,7-59,2654,B-C,U,146,132,11,6,1,15,311,649,1,0,1,0,0,649
1038,3,3,4,4,3-23,1310,B-C,U,187,196,6,4,1,14,408,651,1,0,1,0,0,651
6459,14,14,22,22,14-3,54,B-C,U,75,148,35,2,2,5,267,409,0,0,2,0,0,409
3699,15,9,12,12,9-83,1093,B-C,U,204,186,18,0,2,5,415,658,1,0,1,0,0,658
124,4,1,1,1,1-64,2356,B-C,M,144,181,10,27,2,14,378,610,1,0,1,0,0,610
1089,3,3,7,4,3-31,1332,B-C,U,168,196,4,6,4,21,399,656,1,0,1,0,0,656
3314,15,9,12,11,9-47,1051,B-C,U,145,156,11,3,3,7,325,523,1,0,1,0,0,523
5575,7,11,18,18,11-10,1992,B-C,U,125,175,24,0,0,12,336,649,0,0,1,0,0,649
5371,7,11,10,18,11-94,603,B-C,R,129,60,3,6,0,8,206,436,0,0,1,0,1,436
1369,5,5,5,5,5-52,1493,B-C,U,164,100,3,1,1,6,275,530,1,0,1,0,0,530
895,3,5,3,4,5-3,1261,B-C,M,200,132,5,1,4,10,352,611,1,0,1,0,0,611
3195,9,7,13,10,7-95,2730,B-C,R,157,176,6,5,1,14,359,737,1,0,1,0,1,737
1160,6,3,4,4,3-55,1390,B-C,U,187,162,3,4,0,13,369,633,1,0,1,0,0,633
4766,12,12,16,16,12-4,389,B-C,U,157,137,6,4,0,4,308,401,0,0,2,0,0,401
6088,10,10,20,20,10-80,2957,B-C,U,151,220,28,39,6,18,462,704,0,0,2,0,0,704
5053,14,14,22,17,14-50,279,B-C,R,53,66,0,7,58,10,194,383,0,0,2,0,1,383
3901,13,11,18,13,11-57,46,B-C,R,59,142,14,3,2,15,235,411,0,0,1,0,1,411
2173,11,6,6,7,6-7,1662,B-C,R,277,156,5,4,1,13,456,686,1,0,1,0,1,686
4310,8,8,17,14,8-27,2626,B-C,U,131,296,22,4,1,14,468,748,1,0,2,0,0,748
4857,12,12,15,16,12-14,471,B-C,U,176,199,42,8,4,12,441,738,1,0,2,0,0,738
6695,14,14,22,22,14-90,1237,B-C,R,21,61,30,5,0,7,124,386,0,0,2,0,1,386
1224,6,3,4,4,3-82,1495,B-C,M,186,155,6,8,0,7,362,747,1,0,1,0,0,747
2086,11,6,21,7,6-35,1634,B-C,U,216,217,12,3,2,16,466,749,0,1,1,0,0,749
5537,7,11,18,18,11-11,1974,B-C,M,87,177,18,3,1,14,300,606,1,0,1,0,0,606
3733,9,4,11,12,4-101,1121,B-C,R,145,204,8,4,1,9,371,680,1,0,1,0,1,680
583,1,1,2,2,1-26,2899,E,R,236,181,55,2,0,15,489,700,1,0,2,1,1,700
1215,6,3,4,4,3-74,1487,B-C,R,194,150,1,3,0,0,348,679,1,0,1,0,1,679
6260,10,13,19,21,13-35,695,B-C,R,154,168,3,4,1,10,340,566,1,0,2,0,1,566
1910,6,3,7,7,3-52,1388,B-C,U,218,177,7,1,4,7,414,653,1,0,1,0,0,653
3448,9,9,11,11,9-23,1143,B-C,U,289,67,8,2,1,19,386,691,0,0,1,0,0,691
3487,15,9,11,11,9-11,1165,B-C,R,161,159,12,1,1,2,336,610,1,0,1,0,1,610
6542,14,14,22,22,14-19,94,B-C,U,68,88,29,4,1,13,203,430,0,0,2,0,0,430
651,6,5,7,3,5-30,1402,B-C,U,112,150,10,1,1,11,285,402,0,0,1,0,0,402
